individual	Panel	GroupK9	Country	Name	Variety name	Version	Duplicate
1	3k	GJ-tmp	China	B001			
3	3k	XI-1B	India	B029	Dumai		
4	3k	GJ-adm	China	B070			
5	3k	admix	China	B084			
6	3k	admix	China	B086			
7	3k	XI-adm	China	B091			
8	3k	XI-adm	China	B096			
9	3k	XI-adm	China	B105			
10	3k	XI-adm	China	B113			
11	3k	XI-adm	China	B116			
12	3k	XI-adm	China	B123			
13	3k	XI-adm	China	B125			
14	3k	XI-adm	China	B129			
15	3k	XI-adm	China	B131			
16	3k	GJ-tmp	China	B143	76--1		
17	3k	admix	Indonesia	B173	Tjantajan		
18	3k	GJ-tmp	China	B204			
19	3k	XI-1A	China	B216			
21	3k	cA (Aus)	China	B243			
22	3k	XI-adm	China	B252			
23	3k	XI-adm	China	B253			
24	3k	XI-adm	China	B265			
25	3k	GJ-tmp	China	B269			
26	3k	admix	India	CX46	Pusa(Basmati 1)		
27	3k	XI-1B	India	CX60	Basmati		
28	3k	cB (Bas)	Pakistan	CX72	Basmati 385		
29	3k	cB (Bas)	Iran	CX104	Sadri rice 1		
30	3k	GJ-tmp	Japan	CX140	Nipponbare		
31	3k	cB (Bas)	India	CX149	Karnal Local		
32	3k	XI-1B	Philippines	CX150	Chorofa		
33	3k	XI-2	India	CX155	Madhukar		
34	3k	cA (Aus)	Japan	CX227	KASALATH		
35	3k	XI-1A	Taiwan	CX270			
36	3k	XI-1B	Philippines	CX403	IR64a		
37	3k	XI-2	India	IRIS_313-7736	NONA BOKRA		
38	3k	GJ-trp	Indonesia	IRIS_313-7883	GANIGI		
39	3k	admix	Nepal	IRIS_313-7933	KAKANI 2		
40	3k	XI-2	SriLanka	IRIS_313-8244	POKKALI		
41	3k	admix	Bhutan	IRIS_313-8302	KAMJA		
42	3k	cB (Bas)	India	IRIS_313-8326	JC1		
43	3k	XI-adm	India	IRIS_313-8332	ARC 15091		
44	3k	XI-2	Bangladesh	IRIS_313-8349	LATA MONA		
45	3k	admix	India	IRIS_313-8382	ARC 13252		
46	3k	XI-adm	India	IRIS_313-8386	ARC 10812		
47	3k	XI-adm	India	IRIS_313-8414	ARC 18202		
48	3k	XI-adm	India	IRIS_313-8453	ARC 18597		
49	3k	XI-adm	India	IRIS_313-8458	ARC 18175		
50	3k	XI-3	Indonesia	IRIS_313-8493	MELABOH		
51	3k	XI-2	India	IRIS_313-8530	DHANE BURWA		
52	3k	cA (Aus)	India	IRIS_313-8554	ARC 11959		
53	3k	XI-3	Malaysia	IRIS_313-8557	SERENDAH SUNGAI DUA 25		
54	3k	XI-2	India	IRIS_313-8568	LARHA MUGAD		
55	3k	cB (Bas)	Pakistan	IRIS_313-8656	BASMATI 1		
56	3k	GJ-adm	Vietnam	IRIS_313-8690	NEP HOA VANG		
57	3k	cA (Aus)	Bangladesh	IRIS_313-8864	NOROI		
58	3k	GJ-sbtrp	Thailand	IRIS_313-8872	UNNAMED		
59	3k	GJ-adm	Malaysia	IRIS_313-8883	LOMPUG		
60	3k	admix	Thailand	IRIS_313-8911	LEK		
61	3k	XI-1B	Bangladesh	IRIS_313-8930	MUKKALA BAZAL		
62	3k	XI-adm	India	IRIS_313-8935	ARC 18061		
63	3k	XI-3	Philippines	IRIS_313-8948	BUCAYAB		
64	3k	XI-adm	India	IRIS_313-8967	ARC 12576		
65	3k	XI-adm	India	IRIS_313-8986	ARC 10754		
66	3k	XI-3	Thailand	IRIS_313-9020	LEUANG CHAIYAPHUM		
67	3k	admix	India	IRIS_313-9053	ARC 12536		
68	3k	XI-2	Bangladesh	IRIS_313-9067	BHOJON KOLPO		
69	3k	GJ-tmp	Japan	IRIS_313-9081	TAKAO MOCHI		
70	3k	admix	Malaysia	IRIS_313-9101	DARAWAL		
71	3k	XI-adm	Bangladesh	IRIS_313-9108	RAYADA		
72	3k	XI-adm	Myanmar	IRIS_313-9182	KHAO MON		
73	3k	admix	Indonesia	IRIS_313-9242	SUKARADJA		
74	3k	XI-2	Bangladesh	IRIS_313-9262	JHODI BIRUN		
75	3k	cA (Aus)	Pakistan	IRIS_313-9283	TAK SUFAID		
76	3k	XI-2	India	IRIS_313-9384	BARIK KUDI		
77	3k	admix	India	IRIS_313-9392	ARC 11626		
78	3k	admix	Bangladesh	IRIS_313-9445	KOIYA DIGHA		
79	3k	cA (Aus)	Pakistan	IRIS_313-9449	JAMBALI		
80	3k	admix	Bhutan	IRIS_313-9506	TIMA		
81	3k	XI-adm	China	IRIS_313-9570	NX 3533		
82	3k	XI-adm	India	IRIS_313-9609	ARC 10594		
83	3k	cA (Aus)	India	IRIS_313-9610	DANGAR		
84	3k	XI-adm	India	IRIS_313-9634	ARC 15873		
85	3k	cA (Aus)	Pakistan	IRIS_313-9695	SOLAY GHAT		
86	3k	admix	Afghanistan	IRIS_313-9783	BERENJ 1277 S		
87	3k	XI-1B	SriLanka	IRIS_313-9917	CHANDINA		
88	3k	GJ-trp	SriLanka	IRIS_313-9949	PANNITHI		
89	3k	XI-adm	SriLanka	IRIS_313-9969	PUTTU NELLU		
90	3k	GJ-trp	Japan	IRIS_313-10078	YOSHINO MOCHI		
91	3k	GJ-tmp	SouthKorea	IRIS_313-10097	MAEKJO		
92	3k	XI-adm	Myanmar	IRIS_313-10518	KHAYANGYA D 34-181		
93	3k	GJ-adm	China	IRIS_313-10562	SENG-CHUI-LIN		
94	3k	GJ-trp	Philippines	IRIS_313-10577	IFUGAO RICE		
95	3k	XI-adm	SriLanka	IRIS_313-10609	MATHOLUWA		
96	3k	XI-adm	HongKong	IRIS_313-10614	HAM MOON		
97	3k	XI-2	India	IRIS_313-10664	ARC 6052		
98	3k	XI-2	India	IRIS_313-10667	ARC 7236		
99	3k	XI-adm	India	IRIS_313-10668	ARC 7255		
100	3k	XI-adm	India	IRIS_313-10675	ARC 10905		
101	3k	cA (Aus)	SriLanka	IRIS_313-10718	KARUTHA SEENATI		
102	3k	admix	Indonesia	IRIS_313-10738	ANDEL WELUT		
103	3k	GJ-trp	Indonesia	IRIS_313-10744	SIPON		
104	3k	XI-adm	Vietnam	IRIS_313-10748	LUA DUC		
105	3k	XI-adm	Vietnam	IRIS_313-10751	LUA CHUM		
106	3k	XI-3	Vietnam	IRIS_313-10755	NEP BA BONG TO		
107	3k	XI-3	Indonesia	IRIS_313-10762	BANDI		
108	3k	XI-3	Indonesia	IRIS_313-10779	KERAN DUKUH		
109	3k	XI-3	Indonesia	IRIS_313-10786	KETAN URANG		
110	3k	XI-3	Indonesia	IRIS_313-10787	KWATIK PUTIH		
111	3k	GJ-trp	Indonesia	IRIS_313-10793	MELIK		
112	3k	XI-3	Indonesia	IRIS_313-10822	UNGGAS		
113	3k	admix	India	IRIS_313-10850	ARC 7263		
114	3k	cB (Bas)	India	IRIS_313-10851	ARC 7296		
115	3k	cA (Aus)	India	IRIS_313-10852	ARC 7336		
116	3k	XI-2	India	IRIS_313-10855	ARC 10159		
117	3k	admix	India	IRIS_313-10856	ARC 10537		
118	3k	admix	India	IRIS_313-10857	ARC 10825		
119	3k	XI-adm	India	IRIS_313-10858	ARC 10894		
120	3k	XI-adm	India	IRIS_313-10859	ARC 10939		
121	3k	admix	India	IRIS_313-10864	ARC 11338		
122	3k	GJ-adm	India	IRIS_313-10872	ARC 11802		
123	3k	cA (Aus)	India	IRIS_313-10873	ARC 11822		
124	3k	admix	India	IRIS_313-10879	ARC 12124		
125	3k	admix	India	IRIS_313-10881	ARC 12413		
126	3k	admix	India	IRIS_313-10883	ARC 12490		
127	3k	cA (Aus)	India	IRIS_313-10891	ARC 12867		
128	3k	admix	India	IRIS_313-10894	ARC 13204		
129	3k	GJ-trp	Philippines	IRIS_313-10918	T.Q.QI. QINYUHAYUHA		
130	3k	cA (Aus)	Nepal	IRIS_313-10925	KAMULI		
131	3k	XI-3	Indonesia	IRIS_313-10944	SIPULUT SUBANG		
132	3k	admix	Bangladesh	IRIS_313-10980	DUDHSAR		
133	3k	XI-2	Bangladesh	IRIS_313-10986	HALDI JAON		
134	3k	cA (Aus)	Bangladesh	IRIS_313-10987	SUNGA WALA		
135	3k	GJ-trp	Philippines	IRIS_313-10994	PANGETAN		
136	3k	XI-3	Indonesia	IRIS_313-10995	ASE BAKKA LOMPO		
137	3k	cA (Aus)	Pakistan	IRIS_313-11020	BAMLA SUFFAID 320		
138	3k	cA (Aus)	Pakistan	IRIS_313-11027	JHONA 101		
139	3k	cA (Aus)	Pakistan	IRIS_313-11031	NAWAN SATHRA BAGAR 344		
140	3k	cB (Bas)	Pakistan	IRIS_313-11032	PALAM PURI BAS 137		
141	3k	GJ-trp	Malaysia	IRIS_313-11046	LALANGIT		
142	3k	cA (Aus)	Bangladesh	IRIS_313-11058	AUS 329		
143	3k	cB (Bas)	Bangladesh	IRIS_313-11062	BEGUNBICHI 33		
144	3k	cA (Aus)	Bangladesh	IRIS_313-11064	BORO 275		
145	3k	XI-3	Laos	IRIS_313-11083	Ea tia		
146	3k	XI-3	Cambodia	IRIS_313-11089	SRAU THMOR		
147	3k	GJ-sbtrp	Laos	IRIS_313-11094	MAK BOUAP		
148	3k	XI-3	Laos	IRIS_313-11095	Mak ea nam		
149	3k	XI-adm	Philippines	IRIS_313-11097	KALAGNON		
150	3k	XI-2	Bangladesh	IRIS_313-11113	KAL SHULI		
151	3k	admix	Myanmar	IRIS_313-11136	NGAKWE THETYIN		
152	3k	cA (Aus)	SriLanka	IRIS_313-11191	RANRUWAN		
153	3k	XI-adm	Bangladesh	IRIS_313-11204	KARTIKHAMA		
154	3k	XI-2	Bangladesh	IRIS_313-11205	KAZALSAIL		
155	3k	XI-adm	Bangladesh	IRIS_313-11206	KUMRI		
156	3k	cB (Bas)	Bangladesh	IRIS_313-11218	BADSHABHOG 4-60		
157	3k	cB (Bas)	Bangladesh	IRIS_313-11223	OVAL RED 29B-601		
158	3k	XI-adm	Philippines	IRIS_313-11234	LIGUNGTUNG		
159	3k	XI-adm	India	IRIS_313-11257	ARC 12757		
160	3k	cB (Bas)	India	IRIS_313-11258	ARC 13502		
161	3k	XI-adm	India	IRIS_313-11260	ARC 13591		
162	3k	XI-adm	India	IRIS_313-11263	ARC 13919		
163	3k	XI-2	India	IRIS_313-11267	ARC 14358(GOLD HULL)		
164	3k	XI-adm	India	IRIS_313-11269	ARC 14632		
165	3k	cB (Bas)	India	IRIS_313-11270	ARC 14663		
166	3k	cA (Aus)	India	IRIS_313-11274	ARC 14901		
167	3k	XI-adm	India	IRIS_313-11275	ARC 14975		
168	3k	XI-adm	India	IRIS_313-11278	ARC 15319		
169	3k	XI-adm	India	IRIS_313-11279	ARC 15455		
170	3k	XI-2	India	IRIS_313-11282	ARC 15589		
171	3k	XI-adm	India	IRIS_313-11284	ARC 18001		
172	3k	XI-2	India	IRIS_313-11285	ARC 18064		
173	3k	XI-adm	India	IRIS_313-11286	ARC 18325		
174	3k	XI-adm	India	IRIS_313-11288	ARC 18434		
175	3k	XI-adm	India	IRIS_313-11292	ARC 10120		
176	3k	admix	India	IRIS_313-11295	ARC 11397		
177	3k	XI-adm	India	IRIS_313-11296	ARC 12800		
178	3k	admix	India	IRIS_313-11297	ARC 13460		
179	3k	XI-2	India	IRIS_313-11300	ARC 14709		
180	3k	XI-2	India	IRIS_313-11301	ARC 14868		
181	3k	XI-adm	India	IRIS_313-11302	ARC 14899		
182	3k	XI-adm	India	IRIS_313-11305	ARC 15373		
183	3k	XI-adm	India	IRIS_313-11307	ARC 15387		
184	3k	XI-2	India	IRIS_313-11310	ARC 15929		
185	3k	XI-3	Indonesia	IRIS_313-11318	TUBU		
186	3k	cA (Aus)	Bangladesh	IRIS_313-11323	JHORA		
187	3k	XI-adm	Philippines	IRIS_313-11345	WAGWAG		
188	3k	cB (Bas)	India	IRIS_313-11352	BUCHI		
189	3k	XI-adm	SriLanka	IRIS_313-11382	HONDERAWALA		
190	3k	XI-2	India	IRIS_313-11407	BATCHA BHOG(SCENTED)		
191	3k	cA (Aus)	India	IRIS_313-11452	LOCAL BHAT		
192	3k	XI-2	India	IRIS_313-11461	VAIKATHARYAN		
193	3k	cA (Aus)	Bangladesh	IRIS_313-11484	EJALI		
194	3k	XI-adm	Vietnam	IRIS_313-11521	TAN NONG		
195	3k	admix	Myanmar	IRIS_313-11542	KHAO KUM PAR		
196	3k	XI-2	Nepal	IRIS_313-11561	BANGLA		
197	3k	XI-2	Nepal	IRIS_313-11565	KUSUM KATIKI		
198	3k	admix	Malaysia	IRIS_313-11591	PULUT MERAH 2		
199	3k	cA (Aus)	India	IRIS_313-11617	UPRH33		
200	3k	cA (Aus)	India	IRIS_313-11618	UPRH58		
201	3k	cB (Bas)	Nepal	IRIS_313-11625	CHOBO		
202	3k	XI-2	India	IRIS_313-11638	NCS331		
203	3k	XI-1B	India	IRIS_313-11643	NCS603 B		
204	3k	XI-2	India	IRIS_313-11644	NCS745		
205	3k	XI-2	India	IRIS_313-11645	NCS766		
206	3k	XI-2	India	IRIS_313-11646	NCS771 A		
207	3k	XI-adm	China	IRIS_313-11664	CUN GU NUO		
208	3k	XI-2	Nepal	IRIS_313-11671	DERAWA		
209	3k	XI-3	Thailand	IRIS_313-11674	BEUA KAE		
210	3k	XI-3	Thailand	IRIS_313-11681	KHAO' PAWM		
211	3k	XI-3	Thailand	IRIS_313-11685	PLAWNG SAENG		
212	3k	admix	Bhutan	IRIS_313-11690	KOCHUM		
213	3k	GJ-sbtrp	Bhutan	IRIS_313-11691	SHANGYIPA		
214	3k	XI-adm	Taiwan	IRIS_313-11693	CHING-CH'UNG		
215	3k	XI-adm	Indonesia	IRIS_313-11717	JATI MANI		
216	3k	XI-adm	Bangladesh	IRIS_313-11722	KABERI		
217	3k	XI-3	China	IRIS_313-11728	LUO SI ZHAN		
218	3k	XI-adm	China	IRIS_313-11730	QING ER XIAO 2		
219	3k	XI-adm	China	IRIS_313-11731	QING TAI AI		
220	3k	GJ-trp	Philippines	IRIS_313-11736	MALAGKIT(PINELIPE)		
221	3k	cA (Aus)	India	IRIS_313-11737	CHUNDI		
222	3k	XI-2	SriLanka	IRIS_313-11741	HERATH BANDA		
223	3k	cA (Aus)	India	IRIS_313-11742	KALIBAJARI		
224	3k	XI-adm	China	IRIS_313-11748	GAO JIAO YING GAN ZHAN		
225	3k	XI-adm	China	IRIS_313-11751	L 10833		
226	3k	GJ-adm	Philippines	IRIS_313-11788	CANLUBANG		
227	3k	XI-1A	China	IRIS_313-11796	DU GEN CHUAN		
228	3k	XI-1B	China	IRIS_313-11798	E ZI 100		
229	3k	XI-adm	China	IRIS_313-11801	FAN WU		
230	3k	XI-1A	China	IRIS_313-11802	JIE CAO ZHAN		
231	3k	XI-1A	China	IRIS_313-11805	XI HONG GU		
232	3k	XI-adm	Myanmar	IRIS_313-11816	KARILETYONE		
233	3k	XI-adm	Myanmar	IRIS_313-11817	KHAOSAING		
234	3k	XI-3	Myanmar	IRIS_313-11819	PADINTHUMA		
235	3k	cB (Bas)	India	IRIS_313-11825	HANSRAJ		
236	3k	GJ-tmp	Pakistan	IRIS_313-11829	MUNJI		
237	3k	XI-1A	China	IRIS_313-11867	KE SHU BAI		
238	3k	XI-1A	China	IRIS_313-11878	BAI RI XIAN		
239	3k	GJ-sbtrp	Thailand	IRIS_313-11924	NAM JAM		
240	3k	XI-2	Bangladesh	IRIS_313-11945	MALIKULI		
241	3k	XI-1A	China	IRIS_313-11949	LIU HE XI HE		
242	3k	XI-1A	China	IRIS_313-11953	SAN BAO GU		
243	3k	XI-3	Philippines	IRIS_313-11959	KAGIOS PUTI		
244	3k	XI-3	BruneiDarussalam	IRIS_313-11989	TAMBAS JANGKOK		
245	3k	XI-3	Cambodia	IRIS_313-12044	SAR SIEM		
246	3k	XI-adm	India	IRIS_313-12052	ADUKKAN		
247	3k	cB (Bas)	Myanmar	IRIS_313-12074	KYAIN WAR ME DONE		
248	3k	cB (Bas)	Bangladesh	IRIS_313-12094	KASHA		
249	3k	XI-3	Laos	IRIS_313-12128	Hma gneng		
250	3k	XI-adm	Cambodia	IRIS_313-12146	AM BEUS		
251	3k	XI-adm	Myanmar	IRIS_313-12268	MAYATAUNG		
252	3k	XI-adm	Myanmar	IRIS_313-12269	SHWEWARHNAN		
253	3k	XI-3	Myanmar	IRIS_313-12288	NGWE-TOE-KYE		
254	3k	XI-adm	Myanmar	IRIS_313-12291	NGA CHEKH FAT		
255	3k	XI-adm	Laos	IRIS_313-12300	NGAM KON DAM		
256	3k	XI-adm	Laos	IRIS_313-12355	Nasaeng		
257	EastHimalayan			RAYADA	RAYADA		
258	EastHimalayan			GOAI	GOAI		
259	EastHimalayan			KAUKKYISAW	KAUKKYISAW		
260	EastHimalayan			YELAIK_MEEDON	YELAIK_MEEDON		
261	ICP-elite			IR11N313	IR11N313	V1	
262	ICP-elite			IR11A293	IR11A293	V1	
263	ICP-elite			IR05N341	IR05N341	V1	
264	ICP-elite			IR12A311	IR12A311	V1	
265	ICP-elite			IR12A136	IR12A136	V1	
266	ICP-elite			IR11N202	IR11N202	V1	
267	ICP-elite			IR13N102	IR13N102	V1	
268	ICP-elite			IR10M210	IR10M210	V1	
269	ICP-elite			IR13N152	IR13N152	V1	
270	ICP-elite			IR110615-C1-B-B-B-1-1	IR110615-C1-B-B-B-1-1	V1	
271	ICP-elite			IRRI154	IRRI154	V1	yes
272	ICP-elite			IR12N135	IR12N135	V1	
274	Other			IR100097-B-B-RGA-B-RGA-8	IR100097-B-B-RGA-B-RGA-8	Other	
275	ICP-elite			IR09M120	IR09M120	V1	
276	ICP-elite			IR11A282	IR11A282	V1	yes
277	ICP-elite			IR105469-72-18-2	IR105469-72-18-2	V1	
278	ICP-elite			IR09A235	IR09A235	V1	
279	ICP-elite			IR12N252	IR12N252	V1	
280	ICP-elite			IR13N157	IR13N157	V1	
281	ICP-elite			IR14F711	IR14F711	V1	
282	ICP-elite			IR13A153	IR13A153	V1	
283	ICP-elite			IR54447-3B-10-2	IR54447-3B-10-2	V1	
284	ICP-elite			IR14N153	IR14N153	V1	
285	ICP-elite			IR13A107	IR13A107	V1	
286	ICP-elite			IR05N359	IR05N359	V1	
287	ICP-elite			IR12A282	IR12A282	V1	
288	ICP-elite			IR13N134	IR13N134	V1	
290	ICP-elite			IR10F559	IR10F559	V1	
291	ICP-elite			IR14A150	IR14A150	V1	
292	ICP-elite			IR10N230	IR10N230	V1	
293	ICP-elite			IR12N249	IR12N249	V1	
294	ICP-elite			IR10N134	IR10N134	V1	
295	ICP-elite			IR13A514	IR13A514	V1	yes
296	ICP-elite			IR15A4029	IR15A4029	V1	yes
297	ICP-elite			IR99982-B-B-B-B-1	IR99982-B-B-B-B-1	V1	
298	ICP-elite			IR13N115	IR13N115	V1	
299	ICP-elite			IR14A216	IR14A216	V1	yes
300	ICP-elite			IR08N134	IR08N134	V1	
301	Other			IR100842-B-B-RGA-B-RGA-B-RGA-9	IR100842-B-B-RGA-B-RGA-B-RGA-9	Other	
302	ICP-elite			IR12A329	IR12A329	V1	
303	ICP-elite			IR100120-B-B-B-B-11	IR100120-B-B-B-B-11	V1	
304	ICP-elite			IR10N271	IR10N271	V1	
305	ICP-elite			IR99047-B-B-B-B-47	IR99047-B-B-B-B-47	V1	
306	ICP-elite			IR12N231	IR12N231	V1	
307	ICP-elite			IR12M112	IR12M112	V1	
308	ICP-elite			IR11A341	IR11A341	V1	
309	ICP-elite			IR10A107	IR10A107	V1	
310	ICP-elite			IR12A173	IR12A173	V1	
311	ICP-elite			IR13N131	IR13N131	V1	
312	ICP-elite			IRRI180	IRRI180	V1	
313	Other			IR99993-B-B-RGA-B-RGA-B-RGA-1	IR99993-B-B-RGA-B-RGA-B-RGA-1	Other	
314	ICP-elite			IR03A568	IR03A568	V1	
315	ICP-elite			IR15M1289	IR15M1289	V1	
316	ICP-elite			IR12N165	IR12N165	V1	yes
317	Other			IR108005-B-B-RGA-B-RGA-1	IR108005-B-B-RGA-B-RGA-1	Other	
318	ICP-elite			IR93346-1-B-13-7-6-1RGA-2RGA-1-B	IR93346-1-B-13-7-6-1RGA-2RGA-1-B	V1	
319	ICP-elite			IR11N121	IR11N121	V1	
320	ICP-elite			IR99054-B-B-1	IR99054-B-B-1	V1	
321	ICP-elite			IR16A1957	IR16A1957	V1	
322	ICP-elite			IR14A185	IR14A185	V1	
323	ICP-elite			IR122310-7-2-2	IR122310-7-2-2	V1	
324	ICP-elite			IR09N516	IR09N516	V1	
326	ICP-elite			IR10A231	IR10A231	V1	
327	ICP-elite			IR11A297	IR11A297	V1	yes
328	ICP-elite			IRRI156	IRRI156	V1	
329	ICP-elite			IR04A428	IR04A428	V1	
330	ICP-key trait donor			SwarnaSub1	SwarnaSub1	V1	
332	ICP-key trait donor			N22	N22	V1	
333	ICP-key trait donor			IR64	IR64	V1	
334	ICP-key trait donor			KASALATH_DRR008446	KASALATH_DRR008446	V1	yes
335	ICP-key trait donor			KASALATH_DRR008447	KASALATH_DRR008447	V1	yes
336	ICP-key trait donor			FR13A	FR13A	V1	
337	ICP-key trait donor			CO39	CO39	V1	
338	ICP-key trait donor			IRBL9w	IRBL9w	V1	yes
339	ICP-key trait donor			Adday-Sel	Adday-Sel	V1	
340	ICP-elite			IR15F2010	IR15F2010	V2	
341	ICP-elite			IR10A135	IR10A135	V2	yes
342	ICP-elite			IR16A2834	IR16A2834	V2	yes
343	ICP-elite			IR15A2343	IR15A2343	V2	
344	ICP-elite			IR15A2535	IR15A2535	V2	
345	ICP-elite			IR16A3524	IR16A3524	V2	
346	ICP-elite			IR16A2716	IR16A2716	V2	
347	ICP-elite			IR16A2841	IR16A2841	V2	yes
348	ICP-elite			IR100121-B-B-B-B-72	IR100121-B-B-B-B-72	V2	
349	ICP-elite			IR16A3082	IR16A3082	V2	
350	ICP-elite			IR100121-B-B-B-B-73	IR100121-B-B-B-B-73	V2	
351	ICP-elite			IR98380-B-B-B-B-55	IR98380-B-B-B-B-55	V2	
352	Other			IR100097-B-B-RGA-B-RGA-64	IR100097-B-B-RGA-B-RGA-64	Other	
353	ICP-elite			IR15A3780	IR15A3780	V2	
354	ICP-elite			IR11A306	IR11A306	V2	yes
355	ICP-elite			IR99982-B-B-B-B-32	IR99982-B-B-B-B-32	V2	
356	ICP-elite			IR15A4029	IR15A4029	V1	yes
357	ICP-elite			IR14A193	IR14A193	V2	
358	ICP-elite			IR16A2055	IR16A2055	V2	
359	ICP-elite			IR16A3123	IR16A3123	V2	
360	ICP-elite			IR15A2619	IR15A2619	V2	
361	ICP-elite			IR12N146	IR12N146	V2	
362	ICP-elite			IR15A3855	IR15A3855	V2	
363	ICP-elite			IR09A228	IR09A228	V2	yes
364	ICP-elite			IR107041-36-1-1	IR107041-36-1-1	V2	
365	ICP-elite			IR09A225	IR09A225	V2	
366	ICP-elite			IR16A3095	IR16A3095	V2	
367	ICP-elite			IR16A2836	IR16A2836	V2	
368	ICP-elite			IR106432-B-B-B-B-25	IR106432-B-B-B-B-25	V2	
369	ICP-elite			IR15A2878	IR15A2878	V2	
370	ICP-elite			IR16A3652	IR16A3652	V2	
371	ICP-elite			IR16A2844	IR16A2844	V2	
372	ICP-elite			IR122310-7-5-6	IR122310-7-5-6	V2	
373	ICP-elite			IR15A3595	IR15A3595	V2	
374	ICP-elite			IR15A3449	IR15A3449	V2	
375	ICP-elite			IR15D110	IR15D110	V2	
376	ICP-elite			IR15A2829	IR15A2829	V2	yes
377	ICP-elite			IR16A4497	IR16A4497	V3	
378	ICP-elite			IR16A4499	IR16A4499	V3	
379	ICP-elite			IR16A3712	IR16A3712	V3	
380	ICP-elite			IR16A5065	IR16A5065	V3	
381	ICP-elite			IR16A3979	IR16A3979	V3	
382	ICP-elite			IR16A3814	IR16A3814	V3	
383	ICP-elite			IR17A1678	IR17A1678	V3	
384	ICP-elite			IR17A2079	IR17A2079	V3	
385	ICP-elite			IR16A4085	IR16A4085	V3	
386	ICP-elite			IR17A2444	IR17A2444	V3	
387	ICP-elite			IR16A4029	IR16A4029	V3	
388	ICP-elite			IR17A1083	IR17A1083	V3	
389	ICP-elite			IR16A4656	IR16A4656	V3	
390	ICP-elite			IR17A1371	IR17A1371	V3	
391	ICP-elite			IR17A1998	IR17A1998	V3	
392	ICP-elite			IR17A2485	IR17A2485	V3	
393	ICP-elite			IR16A4565	IR16A4565	V3	
395	ICP-elite			IR16A5126	IR16A5126	V3	
396	ICP-elite			IR16A4477	IR16A4477	V3	
397	ICP-elite			IR17A2700	IR17A2700	V3	
398	Other			PIR-26_CO-2071	PIR-26_CO-2071	Other	
399	Other			IR10F365	IR10F365	Other	
400	Other			IR14V1020	IR14V1020	Other	
401	Other			IR14F711-ICP	IR14F711-ICP	Other	
402	Other			IR14F711-RCP	IR14F711-RCP	Other	
403	Other			IR15A2373	IR15A2373	Other	
404	Other			IR15A2383	IR15A2383	Other	
405	Other			IR15A2384	IR15A2384	Other	
406	Other			IR15A2401	IR15A2401	Other	
407	Other			IR15A2442	IR15A2442	Other	
408	Other			IR15A2446	IR15A2446	Other	
409	Other			IR15A2637	IR15A2637	Other	
410	Other			IR15A2997	IR15A2997	Other	
411	ICP-elite			IR15A4029	IR15A4029	V1	yes
412	ICP-elite			IR16A1070	IR16A1070	V1	
413	ICP-elite			IR16A1105	IR16A1105	V2	
414	Other			IR16A1111	IR16A1111	Other	
415	ICP-elite			IR16A1131	IR16A1131	V2	
416	ICP-elite			IR16A2225	IR16A2225	V1	
417	ICP-elite			IR16A2261	IR16A2261	V1	
418	ICP-elite			IR16A2332	IR16A2332	V1	
419	Other			IR16A3710	IR16A3710	Other	
420	Other			IR16A4466	IR16A4466	Other	
421	Other			IR16A4737	IR16A4737	Other	
422	Other			IR16A4738	IR16A4738	Other	
423	Other			IR17A1109	IR17A1109	Other	
424	Other			IR91820-25-B	IR91820-25-B	Other	
425	Other			IR93339_29-B-7-7-B-B-B-16	IR93339_29-B-7-7-B-B-B-16	Other	
426	ICP-elite			IR99047-B-B-B-B-47	IR99047-B-B-B-B-47	V1	
427	Other			IRBL10-3	IRBL10-3	Other	
428	Other			IRBL16-3	IRBL16-3	Other	
429	Other			IRBL17-2	IRBL17-2	Other	
430	Other			IRBL25-3	IRBL25-3	Other	
431	Other			NSICRc402	NSICRc402	Other	
432	Other			NSICRc440	NSICRc440	Other	
433	Other			PR37541-43-3-2-2-2-1-2-3-B-3-1-1	PR37541-43-3-2-2-2-1-2-3-B-3-1-1	Other	
434	ICP-elite			IR09A228	IR09A228	V2	yes
435	Other			IR09L226	IR09L226	Other	
436	Other			IR09L303	IR09L303	Other	
437	Other			IR100638-12-AJY-3-CMU-2	IR100638-12-AJY-3-CMU-2	Other	
438	Other			IR100688-15-AJY-2-CMU-2	IR100688-15-AJY-2-CMU-2	Other	
439	Other			IR100692-AJY-5-1-AJY-1	IR100692-AJY-5-1-AJY-1	Other	
440	ICP-elite			IR106432-B-B-B-B-25	IR106432-B-B-B-B-25	V2	
441	Other			IR107051-15-1-1	IR107051-15-1-1	Other	
442	Other			IR107995-B-B-RGA-B-RGA-64-1	IR107995-B-B-RGA-B-RGA-64-1	Other	
443	Other			IR108289-B-AJY-1-2-B-1	IR108289-B-AJY-1-2-B-1	Other	
444	ICP-elite			IR10A135	IR10A135	V2	yes
445	ICP-elite			IR110615-C1-B-B-B-1-1	IR110615-C1-B-B-B-1-1	V1	
446	ICP-elite			IR11A282	IR11A282	V1	yes
447	ICP-elite			IR11A297	IR11A297	V1	yes
448	ICP-elite			IR11A306	IR11A306	V2	yes
449	ICP-elite			IR122310-7-2-2	IR122310-7-2-2	V1	
450	ICP-elite			IR12N165	IR12N165	V1	yes
451	ICP-elite			IR13A514	IR13A514	V1	yes
452	ICP-elite			IR14A216	IR14A216	V1	yes
453	Other			IR14F707	IR14F707	Other	
454	Other			IR14F717	IR14F717	Other	
455	Other			IR14L297	IR14L297	Other	
456	Other			IR14L331	IR14L331	Other	
457	Other			IR14L362	IR14L362	Other	
458	Other			IR14L395	IR14L395	Other	
459	Other			IR14L440	IR14L440	Other	
460	Other			IR14L521	IR14L521	Other	
461	Other			IR14L594	IR14L594	Other	
462	ICP-elite			IR15A2829	IR15A2829	V2	yes
463	Other			IR15F1706	IR15F1706	Other	
464	Other			IR15F1764	IR15F1764	Other	
465	Other			IR15F1766	IR15F1766	Other	
466	Other			IR15F1832	IR15F1832	Other	
467	Other			IR15F1868	IR15F1868	Other	
468	Other			IR15F1886	IR15F1886	Other	
469	Other			IR15F1936	IR15F1936	Other	
470	Other			IR15F1943	IR15F1943	Other	
471	Other			IR15L1442	IR15L1442	Other	
472	Other			IR15T1133	IR15T1133	Other	
473	Other			IR15T1330	IR15T1330	Other	
474	Other			IR15T1473	IR15T1473	Other	
475	Other			IR15T1476	IR15T1476	Other	
476	ICP-elite			IR16A2834	IR16A2834	V2	yes
477	ICP-elite			IR16A2841	IR16A2841	V2	yes
478	Other			IR16F1061	IR16F1061	Other	
479	Other			IR16F1097	IR16F1097	Other	
480	Other			IR16F1159	IR16F1159	Other	
481	Other			IR16F1229	IR16F1229	Other	
482	Other			IR16F1254	IR16F1254	Other	
483	Other			IR16L1499	IR16L1499	Other	
484	Other			IR17L1099	IR17L1099	Other	
485	Other			IR77080-B-34-3	IR77080-B-34-3	Other	
486	Other			IR83381-B-B-137-3	IR83381-B-B-137-3	Other	
487	Other			IR93339-29-B-7-7-B-B-B-16	IR93339-29-B-7-7-B-B-B-16	Other	
488	Other			IR93339-39-B-6-5-B-B-B-47	IR93339-39-B-6-5-B-B-B-47	Other	
489	Other			IR95781-15-1-1-4	IR95781-15-1-1-4	Other	
490	Other			IR95785-15-2-1-2	IR95785-15-2-1-2	Other	
491	Other			IR95804-5-1-1-2	IR95804-5-1-1-2	Other	
492	Other			IR96173-34-3-2-AJY-3-1	IR96173-34-3-2-AJY-3-1	Other	
493	Other			IR98430-B-B-B-B-11	IR98430-B-B-B-B-11	Other	
494	Other			IR99107-B-B-B-B-27	IR99107-B-B-B-B-27	Other	
495	ICP-elite			IR99982-B-B-B-B-32	IR99982-B-B-B-B-32	V2	
496	ICP-key trait donor			IRBB23	IRBB23	V1	
497	ICP-key trait donor			IRBL9w	IRBL9w	V1	yes
498	Other			IRI25GBL41	IRI25GBL41	Other	
499	ICP-elite			IRRI154	IRRI154	V1	yes
500	Other			IRRI163	IRRI163	Other	
501	ICP-elite			IRRI174	IRRI174	V1	
502	Other			IRRI200	IRRI200	Other	
503	Other			NSIC-Rc9	NSIC-Rc9	Other	
504	Other			PIR-26-C0-2071-1-4-2-1	PIR-26-C0-2071-1-4-2-1	Other	
